component_id,voxel_count,volume_mm3,centroid_z,centroid_y,centroid_x,bbox_min_z,bbox_min_y,bbox_min_x,bbox_max_z,bbox_max_y,bbox_max_x,extent_z_mm,extent_y_mm,extent_x_mm
1,23431,9960.814651848736,417.4637872903418,121.66168750800222,194.12363962272204,391,96,182,444,143,209,37.099999368190765,36.62695872783661,21.041018843650818
2,7,2.9757885947224256,444.0,94.57142857142857,196.71428571428572,444,94,195,444,95,198,0.0,0.7792969942092896,2.3378909826278687
3,2,0.8502253127778359,444.0,99.0,191.5,444,99,191,444,99,192,0.0,0.0,0.7792969942092896
