from_generation,to_generation,diameter_ratio
1,2,1.927293073351972
2,3,1.6766292696119631
3,4,1.4131488458356158
4,5,1.3509283412026383
5,6,1.0962414101224995
6,7,1.036382376162052
7,8,1.032267779800348
