from_generation,to_generation,diameter_ratio
0,1,0.5188624469348544
1,2,0.5964347742965496
2,3,0.7076395405529169
3,4,0.7402317128899443
4,5,0.9122078319302451
5,6,0.9648948332209355
6,7,0.9687408825192734
