generation,n_branches,diameter_mean_mm,diameter_std_mm,diameter_median_mm,diameter_min_mm,diameter_max_mm,length_mean_mm,length_std_mm,length_median_mm,total_volume_mm3,total_surface_area_mm2
1,3,11.900413994626682,3.054185772503663,10.8808379918924,9.486437416902323,15.33396657508532,37.295483740083746,30.704181190761574,39.596324388542726,9418.93061465117,3609.096660605988
2,4,6.174677924789785,1.4478291873651203,6.136294720299278,4.73606776413641,7.690054494424173,19.374813203006916,9.559061487052087,18.482308823341626,2544.593927406804,1541.8371039819465
3,8,3.6827926344258826,1.3777415001657187,3.1029288622186373,2.245210366935318,5.6321949572874415,17.209306406963655,13.029854942223654,13.0756787127551,1259.8607060485601,1393.6711495182915
4,14,2.606089687776798,0.9730526270978247,2.5331031000290665,1.5507645640856516,5.1664030115731165,12.808313385100162,5.816521248676395,12.482436143388597,982.9578765240102,1414.939123420345
5,20,1.9291102335278392,0.5668275946980275,1.8484547998873637,1.4264323115348816,3.7023732691269626,13.883117577672826,7.915451519707062,12.914802273501497,912.4921831916398,1720.0511951800418
6,14,1.759749463680879,0.48974100678848004,1.5401000811529408,1.399999976158142,2.88793121215223,12.385617037111384,7.891786322872112,11.36068753169032,491.915004486692,1000.0668315172552
7,6,1.6979731652689924,0.4035712064395593,1.563639203415149,1.4264323115348816,2.5020875307436783,9.301285311825971,5.369375213672175,7.404220377844749,124.25705180290754,290.41303246673476
8,4,1.6448960226167277,0.12478794824366479,1.6169356572922695,1.5263718681874396,1.819340907694932,15.389625782525197,14.564564730746934,9.985951148500291,144.62063929130693,333.68096458458814
